origin_id,destination_id,entry_cost,network_cost,exit_cost,total_cost
Capital,Capital,,0.0000000,,
Capital,Bella Vista,3607.4880025,201850.5849473,15030.3476304,220488.4205802
Capital,Departartamento Beron de Astrada,3607.4880025,173999.2620562,6694.4310392,184301.1810979
Capital,Departamento concepcion,3607.4880025,153398.9312448,2051.5111523,159057.9303995
Capital,Curuzu Cuatia,3607.4880025,412071.1758976,3643.2733238,419321.9372239
Capital,Empedrado,3607.4880025,65527.5386005,5189.5280649,74324.5546678
Capital,Esquina,3607.4880025,494673.8619670,4349.8987111,502631.2486806
Capital,General Alvear,3607.4880025,643167.7243180,7655.6721382,654430.8844587
Capital,General Paz,3607.4880025,126629.5826110,6015.2852591,136252.3558725
Capital,Goya,3607.4880025,262901.0376284,1494.5167008,268003.0423316
Capital,Itati,3607.4880025,73596.9363324,4472.0653505,81676.4896854
Capital,Ituzaingo,3607.4880025,773635.6758111,24557.9510498,801801.1148634
Capital,Lavalle,3607.4880025,247787.5750769,1678.7503915,253073.8134709
Capital,Mburucuya,3607.4880025,101277.2885980,3592.2605237,108477.0371241
Capital,Mercedes,3607.4880025,101277.2885980,3592.2605237,108477.0371241
Capital,Monte Caseros,3607.4880025,470985.4438163,6807.9618565,481400.8936753
Capital,Paso de los Libres,3607.4880025,503959.8237044,6472.8507322,514040.1624391
Capital,Saladas,3607.4880025,125618.5895039,9751.5790731,138977.6565794
Capital,San Cosme,3607.4880025,47735.9153819,6100.8763047,57444.2796891
Capital,San Luis del Palmar,3607.4880025,24538.6099424,8312.4536459,36458.5515908
Capital,San Martin,3607.4880025,572951.9215298,10757.3035760,587316.7131083
Capital,San Miguel,3607.4880025,151763.1111569,10516.2065832,165886.8057425
Capital,San Roque,3607.4880025,212443.4678386,1050.3210138,217101.2768548
Capital,Santo Tome,3607.4880025,827289.6539666,5968.9673074,836866.1092765
Capital,Sauce,3607.4880025,411453.4726485,3541.5156726,418602.4763235
Bella Vista,Capital,15030.3476304,201850.5849473,3607.4880025,220488.4205802
Bella Vista,Bella Vista,15030.3476304,0.0000000,3607.4880025,220488.4205802
Bella Vista,Departartamento Beron de Astrada,15030.3476304,243503.9648007,6694.4310392,265228.7434703
Bella Vista,Departamento concepcion,15030.3476304,168549.0822695,2051.5111523,185630.9410521
Bella Vista,Curuzu Cuatia,15030.3476304,239770.5948884,3643.2733238,258444.2158426
Bella Vista,Empedrado,15030.3476304,167161.3552928,5189.5280649,187381.2309881
Bella Vista,Esquina,15030.3476304,322373.2809578,4349.8987111,341753.5272993
Bella Vista,General Alvear,15030.3476304,470867.1433088,7655.6721382,493553.1630774
Bella Vista,General Paz,15030.3476304,196134.2853554,6015.2852591,217179.9182449
Bella Vista,Goya,15030.3476304,61050.4526810,1494.5167008,77575.3170122
Bella Vista,Itati,15030.3476304,226370.3013949,4472.0653505,245872.7143758
Bella Vista,Ituzaingo,15030.3476304,601335.0948019,24557.9510498,640923.3934821
Bella Vista,Lavalle,15030.3476304,45936.9901296,1678.7503915,62646.0881515
Bella Vista,Mburucuya,15030.3476304,116427.4396226,3592.2605237,135050.0477767
Bella Vista,Mercedes,15030.3476304,116427.4396226,3592.2605237,135050.0477767
Bella Vista,Monte Caseros,15030.3476304,298684.8628071,6807.9618565,320523.1722941
Bella Vista,Paso de los Libres,15030.3476304,331659.2426952,6472.8507322,353162.4410578
Bella Vista,Saladas,15030.3476304,76231.9954435,9751.5790731,101013.9221469
Bella Vista,San Cosme,15030.3476304,200509.2804444,6100.8763047,221640.5043795
Bella Vista,San Luis del Palmar,15030.3476304,177311.9750049,8312.4536459,200654.7762812
Bella Vista,San Martin,15030.3476304,400651.3405206,10757.3035760,426438.9917271
Bella Vista,San Miguel,15030.3476304,221267.8139013,10516.2065832,246814.3681149
Bella Vista,San Roque,15030.3476304,40142.8868294,1050.3210138,56223.5554735
Bella Vista,Santo Tome,15030.3476304,654989.0729574,5968.9673074,675988.3878953
Bella Vista,Sauce,15030.3476304,239152.8916393,3541.5156726,257724.7549423
Departartamento Beron de Astrada,Capital,6694.4310392,173999.2620562,3607.4880025,184301.1810979
Departartamento Beron de Astrada,Bella Vista,6694.4310392,243503.9648007,15030.3476304,265228.7434703
Departartamento Beron de Astrada,Departartamento Beron de Astrada,6694.4310392,0.0000000,15030.3476304,265228.7434703
Departartamento Beron de Astrada,Departamento concepcion,6694.4310392,156863.7588057,2051.5111523,165609.7009971
Departartamento Beron de Astrada,Curuzu Cuatia,6694.4310392,453724.5557509,3643.2733238,464062.2601139
Departartamento Beron de Astrada,Empedrado,6694.4310392,166622.1029474,5189.5280649,178506.0620515
Departartamento Beron de Astrada,Esquina,6694.4310392,536327.2418204,4349.8987111,547371.5715707
Departartamento Beron de Astrada,General Alvear,6694.4310392,684821.1041713,7655.6721382,699171.2073487
Departartamento Beron de Astrada,General Paz,6694.4310392,47369.6794452,6015.2852591,60079.3957435
Departartamento Beron de Astrada,Goya,6694.4310392,304554.4174817,1494.5167008,312743.3652217
Departartamento Beron de Astrada,Itati,6694.4310392,198518.9785038,4472.0653505,209685.4748935
Departartamento Beron de Astrada,Ituzaingo,6694.4310392,815289.0556644,24557.9510498,846541.4377535
Departartamento Beron de Astrada,Lavalle,6694.4310392,289440.9549302,1678.7503915,297814.1363609
Departartamento Beron de Astrada,Mburucuya,6694.4310392,127076.5251780,3592.2605237,137363.2167409
Departartamento Beron de Astrada,Mercedes,6694.4310392,127076.5251780,3592.2605237,137363.2167409
Departartamento Beron de Astrada,Monte Caseros,6694.4310392,512638.8236697,6807.9618565,526141.2165654
Departartamento Beron de Astrada,Paso de los Libres,6694.4310392,545613.2035577,6472.8507322,558780.4853291
Departartamento Beron de Astrada,Saladas,6694.4310392,167271.9693572,9751.5790731,183717.9794695
Departartamento Beron de Astrada,San Cosme,6694.4310392,172657.9575533,6100.8763047,185453.2648972
Departartamento Beron de Astrada,San Luis del Palmar,6694.4310392,149460.6521138,8312.4536459,164467.5367989
Departartamento Beron de Astrada,San Martin,6694.4310392,614605.3013832,10757.3035760,632057.0359984
Departartamento Beron de Astrada,San Miguel,6694.4310392,72503.2079911,10516.2065832,89713.8456135
Departartamento Beron de Astrada,San Roque,6694.4310392,254096.8476919,1050.3210138,261841.5997449
Departartamento Beron de Astrada,Santo Tome,6694.4310392,868943.0338200,5968.9673074,881606.4321666
Departartamento Beron de Astrada,Sauce,6694.4310392,453106.8525018,3541.5156726,463342.7992136
Departamento concepcion,Capital,2051.5111523,153398.9312448,3607.4880025,159057.9303995
Departamento concepcion,Bella Vista,2051.5111523,168549.0822695,15030.3476304,185630.9410521
Departamento concepcion,Departartamento Beron de Astrada,2051.5111523,156863.7588057,6694.4310392,165609.7009971
Departamento concepcion,Departamento concepcion,2051.5111523,0.0000000,6694.4310392,165609.7009971
Departamento concepcion,Curuzu Cuatia,2051.5111523,378769.6732197,3643.2733238,384464.4576958
Departamento concepcion,Empedrado,2051.5111523,118709.7015903,5189.5280649,125950.7408074
Departamento concepcion,Esquina,2051.5111523,461372.3592892,4349.8987111,467773.7691525
Departamento concepcion,General Alvear,2051.5111523,609866.2216401,7655.6721382,619573.4049306
Departamento concepcion,General Paz,2051.5111523,109494.0793605,6015.2852591,117560.8757718
Departamento concepcion,Goya,2051.5111523,229599.5349505,1494.5167008,233145.5628036
Departamento concepcion,Itati,2051.5111523,177918.6476924,4472.0653505,184442.2241951
Departamento concepcion,Ituzaingo,2051.5111523,740334.1731332,24557.9510498,766943.6353353
Departamento concepcion,Lavalle,2051.5111523,214486.0723990,1678.7503915,218216.3339428
Departamento concepcion,Mburucuya,2051.5111523,52121.6426468,3592.2605237,57765.4143227
Departamento concepcion,Mercedes,2051.5111523,52121.6426468,3592.2605237,57765.4143227
Departamento concepcion,Monte Caseros,2051.5111523,437683.9411385,6807.9618565,446543.4141473
Departamento concepcion,Paso de los Libres,2051.5111523,470658.3210265,6472.8507322,479182.6829110
Departamento concepcion,Saladas,2051.5111523,92317.0868260,9751.5790731,104120.1770514
Departamento concepcion,San Cosme,2051.5111523,152057.6267419,6100.8763047,160210.0141989
Departamento concepcion,San Luis del Palmar,2051.5111523,128860.3213024,8312.4536459,139224.2861005
Departamento concepcion,San Martin,2051.5111523,539650.4188520,10757.3035760,552459.2335803
Departamento concepcion,San Miguel,2051.5111523,134627.6079064,10516.2065832,147195.3256418
Departamento concepcion,San Roque,2051.5111523,179141.9651607,1050.3210138,182243.7973267
Departamento concepcion,Santo Tome,2051.5111523,793988.1512888,5968.9673074,802008.6297485
Departamento concepcion,Sauce,2051.5111523,378151.9699706,3541.5156726,383744.9967955
Curuzu Cuatia,Capital,3643.2733238,412071.1758976,3607.4880025,419321.9372239
Curuzu Cuatia,Bella Vista,3643.2733238,239770.5948884,15030.3476304,258444.2158426
Curuzu Cuatia,Departartamento Beron de Astrada,3643.2733238,453724.5557509,6694.4310392,464062.2601139
Curuzu Cuatia,Departamento concepcion,3643.2733238,378769.6732197,2051.5111523,384464.4576958
Curuzu Cuatia,Curuzu Cuatia,3643.2733238,0.0000000,2051.5111523,384464.4576958
Curuzu Cuatia,Empedrado,3643.2733238,377381.9462431,5189.5280649,386214.7476318
Curuzu Cuatia,Esquina,3643.2733238,163261.3286983,4349.8987111,171254.5007332
Curuzu Cuatia,General Alvear,3643.2733238,231096.5484204,7655.6721382,242395.4938825
Curuzu Cuatia,General Paz,3643.2733238,406354.8763057,6015.2852591,416013.4348886
Curuzu Cuatia,Goya,3643.2733238,300821.0475694,1494.5167008,305958.8375940
Curuzu Cuatia,Itati,3643.2733238,436590.8923452,4472.0653505,444706.2310195
Curuzu Cuatia,Ituzaingo,3643.2733238,361564.4999135,24557.9510498,389765.7242872
Curuzu Cuatia,Lavalle,3643.2733238,285707.5850179,1678.7503915,291029.6087333
Curuzu Cuatia,Mburucuya,3643.2733238,326648.0305729,3592.2605237,333883.5644204
Curuzu Cuatia,Mercedes,3643.2733238,326648.0305729,3592.2605237,333883.5644204
Curuzu Cuatia,Monte Caseros,3643.2733238,58914.2679188,6807.9618565,69365.5030991
Curuzu Cuatia,Paso de los Libres,3643.2733238,91888.6478068,6472.8507322,102004.7718629
Curuzu Cuatia,Saladas,3643.2733238,286452.5863937,9751.5790731,299847.4387906
Curuzu Cuatia,San Cosme,3643.2733238,410729.8713947,6100.8763047,420474.0210232
Curuzu Cuatia,San Luis del Palmar,3643.2733238,387532.5659552,8312.4536459,399488.2929249
Curuzu Cuatia,San Martin,3643.2733238,160880.7456323,10757.3035760,175281.3225321
Curuzu Cuatia,San Miguel,3643.2733238,431488.4048516,10516.2065832,445647.8847586
Curuzu Cuatia,San Roque,3643.2733238,199627.7080590,1050.3210138,204321.3023966
Curuzu Cuatia,Santo Tome,3643.2733238,415218.4780691,5968.9673074,424830.7187003
Curuzu Cuatia,Sauce,3643.2733238,80040.9393798,3541.5156726,87225.7283762
Empedrado,Capital,5189.5280649,65527.5386005,3607.4880025,74324.5546678
Empedrado,Bella Vista,5189.5280649,167161.3552928,15030.3476304,187381.2309881
Empedrado,Departartamento Beron de Astrada,5189.5280649,166622.1029474,6694.4310392,178506.0620515
Empedrado,Departamento concepcion,5189.5280649,118709.7015903,2051.5111523,125950.7408074
Empedrado,Curuzu Cuatia,5189.5280649,377381.9462431,3643.2733238,386214.7476318
Empedrado,Empedrado,5189.5280649,0.0000000,3643.2733238,386214.7476318
Empedrado,Esquina,5189.5280649,459984.6323125,4349.8987111,469524.0590885
Empedrado,General Alvear,5189.5280649,608478.4946635,7655.6721382,621323.6948666
Empedrado,General Paz,5189.5280649,119252.4235022,6015.2852591,130457.2368261
Empedrado,Goya,5189.5280649,228211.8079738,1494.5167008,234895.8527395
Empedrado,Itati,5189.5280649,101831.1129792,4472.0653505,111492.7063945
Empedrado,Ituzaingo,5189.5280649,738946.4461566,24557.9510498,768693.9252713
Empedrado,Lavalle,5189.5280649,213098.3454224,1678.7503915,219966.6238788
Empedrado,Mburucuya,5189.5280649,66588.0589434,3592.2605237,75369.8475320
Empedrado,Mercedes,5189.5280649,66588.0589434,3592.2605237,75369.8475320
Empedrado,Monte Caseros,5189.5280649,436296.2141618,6807.9618565,448293.7040832
Empedrado,Paso de los Libres,5189.5280649,469270.5940499,6472.8507322,480932.9728469
Empedrado,Saladas,5189.5280649,90929.3598493,9751.5790731,105870.4669873
Empedrado,San Cosme,5189.5280649,75970.0920287,6100.8763047,87260.4963982
Empedrado,San Luis del Palmar,5189.5280649,52772.7865892,8312.4536459,66274.7682999
Empedrado,San Martin,5189.5280649,538262.6918753,10757.3035760,554209.5235162
Empedrado,San Miguel,5189.5280649,144385.9520481,10516.2065832,160091.6866961
Empedrado,San Roque,5189.5280649,177754.2381841,1050.3210138,183994.0872627
Empedrado,Santo Tome,5189.5280649,792600.4243121,5968.9673074,803758.9196844
Empedrado,Sauce,5189.5280649,376764.2429940,3541.5156726,385495.2867314
Esquina,Capital,4349.8987111,494673.8619670,3607.4880025,502631.2486806
Esquina,Bella Vista,4349.8987111,322373.2809578,15030.3476304,341753.5272993
Esquina,Departartamento Beron de Astrada,4349.8987111,536327.2418204,6694.4310392,547371.5715707
Esquina,Departamento concepcion,4349.8987111,461372.3592892,2051.5111523,467773.7691525
Esquina,Curuzu Cuatia,4349.8987111,163261.3286983,3643.2733238,171254.5007332
Esquina,Empedrado,4349.8987111,459984.6323125,5189.5280649,469524.0590885
Esquina,Esquina,4349.8987111,0.0000000,5189.5280649,469524.0590885
Esquina,General Alvear,4349.8987111,394357.8771187,7655.6721382,406363.4479680
Esquina,General Paz,4349.8987111,488957.5623751,6015.2852591,499322.7463453
Esquina,Goya,4349.8987111,383423.7336389,1494.5167008,389268.1490507
Esquina,Itati,4349.8987111,519193.5784146,4472.0653505,528015.5424762
Esquina,Ituzaingo,4349.8987111,524825.8286118,24557.9510498,553733.6783727
Esquina,Lavalle,4349.8987111,368310.2710874,1678.7503915,374338.9201900
Esquina,Mburucuya,4349.8987111,409250.7166424,3592.2605237,417192.8758771
Esquina,Mercedes,4349.8987111,409250.7166424,3592.2605237,417192.8758771
Esquina,Monte Caseros,4349.8987111,222175.5966170,6807.9618565,233333.4571847
Esquina,Paso de los Libres,4349.8987111,255149.9765051,6472.8507322,265972.7259484
Esquina,Saladas,4349.8987111,369055.2724632,9751.5790731,383156.7502473
Esquina,San Cosme,4349.8987111,493332.5574641,6100.8763047,503783.3324799
Esquina,San Luis del Palmar,4349.8987111,470135.2520246,8312.4536459,482797.6043816
Esquina,San Martin,4349.8987111,324142.0743306,10757.3035760,339249.2766177
Esquina,San Miguel,4349.8987111,514091.0909210,10516.2065832,528957.1962153
Esquina,San Roque,4349.8987111,282230.3941285,1050.3210138,287630.6138533
Esquina,Santo Tome,4349.8987111,578479.8067674,5968.9673074,588798.6727859
Esquina,Sauce,4349.8987111,83220.3893185,3541.5156726,91111.8037022
General Alvear,Capital,7655.6721382,643167.7243180,3607.4880025,654430.8844587
General Alvear,Bella Vista,7655.6721382,470867.1433088,15030.3476304,493553.1630774
General Alvear,Departartamento Beron de Astrada,7655.6721382,684821.1041713,6694.4310392,699171.2073487
General Alvear,Departamento concepcion,7655.6721382,609866.2216401,2051.5111523,619573.4049306
General Alvear,Curuzu Cuatia,7655.6721382,231096.5484204,3643.2733238,242395.4938825
General Alvear,Empedrado,7655.6721382,608478.4946635,5189.5280649,621323.6948666
General Alvear,Esquina,7655.6721382,394357.8771187,4349.8987111,406363.4479680
General Alvear,General Alvear,7655.6721382,0.0000000,4349.8987111,406363.4479680
General Alvear,General Paz,7655.6721382,637451.4247261,6015.2852591,651122.3821234
General Alvear,Goya,7655.6721382,531917.5959898,1494.5167008,541067.7848288
General Alvear,Itati,7655.6721382,667687.4407656,4472.0653505,679815.1782543
General Alvear,Ituzaingo,7655.6721382,182337.5285373,24557.9510498,214551.1517254
General Alvear,Lavalle,7655.6721382,516804.1334383,1678.7503915,526138.5559681
General Alvear,Mburucuya,7655.6721382,557744.5789933,3592.2605237,568992.5116552
General Alvear,Mercedes,7655.6721382,557744.5789933,3592.2605237,568992.5116552
General Alvear,Monte Caseros,7655.6721382,218263.7672478,6807.9618565,232727.4012426
General Alvear,Paso de los Libres,7655.6721382,139207.9006136,6472.8507322,153336.4234840
General Alvear,Saladas,7655.6721382,517549.1348141,9751.5790731,534956.3860254
General Alvear,San Cosme,7655.6721382,641826.4198151,6100.8763047,655582.9682580
General Alvear,San Luis del Palmar,7655.6721382,618629.1143756,8312.4536459,634597.2401597
General Alvear,San Martin,7655.6721382,70215.8027881,10757.3035760,88628.7785024
General Alvear,San Miguel,7655.6721382,662584.9532720,10516.2065832,680756.8319934
General Alvear,San Roque,7655.6721382,430724.2564794,1050.3210138,439430.2496314
General Alvear,Santo Tome,7655.6721382,235991.5066928,5968.9673074,249616.1461385
General Alvear,Sauce,7655.6721382,311137.4878002,3541.5156726,322334.6756110
General Paz,Capital,6015.2852591,126629.5826110,3607.4880025,136252.3558725
General Paz,Bella Vista,6015.2852591,196134.2853554,15030.3476304,217179.9182449
General Paz,Departartamento Beron de Astrada,6015.2852591,47369.6794452,6694.4310392,60079.3957435
General Paz,Departamento concepcion,6015.2852591,109494.0793605,2051.5111523,117560.8757718
General Paz,Curuzu Cuatia,6015.2852591,406354.8763057,3643.2733238,416013.4348886
General Paz,Empedrado,6015.2852591,119252.4235022,5189.5280649,130457.2368261
General Paz,Esquina,6015.2852591,488957.5623751,4349.8987111,499322.7463453
General Paz,General Alvear,6015.2852591,637451.4247261,7655.6721382,651122.3821234
General Paz,General Paz,6015.2852591,0.0000000,7655.6721382,651122.3821234
General Paz,Goya,6015.2852591,257184.7380365,1494.5167008,264694.5399963
General Paz,Itati,6015.2852591,151149.2990586,4472.0653505,161636.6496682
General Paz,Ituzaingo,6015.2852591,767919.3762192,24557.9510498,798492.6125281
General Paz,Lavalle,6015.2852591,242071.2754850,1678.7503915,249765.3111356
General Paz,Mburucuya,6015.2852591,79706.8457328,3592.2605237,89314.3915155
General Paz,Mercedes,6015.2852591,79706.8457328,3592.2605237,89314.3915155
General Paz,Monte Caseros,6015.2852591,465269.1442244,6807.9618565,478092.3913400
General Paz,Paso de los Libres,6015.2852591,498243.5241125,6472.8507322,510731.6601038
General Paz,Saladas,6015.2852591,119902.2899120,9751.5790731,135669.1542441
General Paz,San Cosme,6015.2852591,125288.2781081,6100.8763047,137404.4396719
General Paz,San Luis del Palmar,6015.2852591,102090.9726686,8312.4536459,116418.7115735
General Paz,San Martin,6015.2852591,567235.6219380,10757.3035760,584008.2107730
General Paz,San Miguel,6015.2852591,25133.5285459,10516.2065832,41665.0203881
General Paz,San Roque,6015.2852591,206727.1682467,1050.3210138,213792.7745195
General Paz,Santo Tome,6015.2852591,821573.3543747,5968.9673074,833557.6069412
General Paz,Sauce,6015.2852591,405737.1730566,3541.5156726,415293.9739883
Goya,Capital,1494.5167008,262901.0376284,3607.4880025,268003.0423316
Goya,Bella Vista,1494.5167008,61050.4526810,15030.3476304,77575.3170122
Goya,Departartamento Beron de Astrada,1494.5167008,304554.4174817,6694.4310392,312743.3652217
Goya,Departamento concepcion,1494.5167008,229599.5349505,2051.5111523,233145.5628036
Goya,Curuzu Cuatia,1494.5167008,300821.0475694,3643.2733238,305958.8375940
Goya,Empedrado,1494.5167008,228211.8079738,5189.5280649,234895.8527395
Goya,Esquina,1494.5167008,383423.7336389,4349.8987111,389268.1490507
Goya,General Alvear,1494.5167008,531917.5959898,7655.6721382,541067.7848288
Goya,General Paz,1494.5167008,257184.7380365,6015.2852591,264694.5399963
Goya,Goya,1494.5167008,0.0000000,6015.2852591,264694.5399963
Goya,Itati,1494.5167008,287420.7540760,4472.0653505,293387.3361272
Goya,Ituzaingo,1494.5167008,662385.5474829,24557.9510498,688438.0152335
Goya,Lavalle,1494.5167008,15113.4625515,1678.7503915,18286.7296438
Goya,Mburucuya,1494.5167008,177477.8923037,3592.2605237,182564.6695281
Goya,Mercedes,1494.5167008,177477.8923037,3592.2605237,182564.6695281
Goya,Monte Caseros,1494.5167008,359735.3154882,6807.9618565,368037.7940455
Goya,Paso de los Libres,1494.5167008,392709.6953762,6472.8507322,400677.0628092
Goya,Saladas,1494.5167008,137282.4481245,9751.5790731,148528.5438984
Goya,San Cosme,1494.5167008,261559.7331255,6100.8763047,269155.1261310
Goya,San Luis del Palmar,1494.5167008,238362.4276859,8312.4536459,248169.3980326
Goya,San Martin,1494.5167008,461701.7932017,10757.3035760,473953.6134785
Goya,San Miguel,1494.5167008,282318.2665824,10516.2065832,294328.9898663
Goya,San Roque,1494.5167008,101193.3395104,1050.3210138,103738.1772250
Goya,Santo Tome,1494.5167008,716039.5256385,5968.9673074,723503.0096467
Goya,Sauce,1494.5167008,300203.3443203,3541.5156726,305239.3766937
Itati,Capital,4472.0653505,73596.9363324,3607.4880025,81676.4896854
Itati,Bella Vista,4472.0653505,226370.3013949,15030.3476304,245872.7143758
Itati,Departartamento Beron de Astrada,4472.0653505,198518.9785038,6694.4310392,209685.4748935
Itati,Departamento concepcion,4472.0653505,177918.6476924,2051.5111523,184442.2241951
Itati,Curuzu Cuatia,4472.0653505,436590.8923452,3643.2733238,444706.2310195
Itati,Empedrado,4472.0653505,101831.1129792,5189.5280649,111492.7063945
Itati,Esquina,4472.0653505,519193.5784146,4349.8987111,528015.5424762
Itati,General Alvear,4472.0653505,667687.4407656,7655.6721382,679815.1782543
Itati,General Paz,4472.0653505,151149.2990586,6015.2852591,161636.6496682
Itati,Goya,4472.0653505,287420.7540760,1494.5167008,293387.3361272
Itati,Itati,4472.0653505,0.0000000,1494.5167008,293387.3361272
Itati,Ituzaingo,4472.0653505,798155.3922587,24557.9510498,827185.4086590
Itati,Lavalle,4472.0653505,272307.2915245,1678.7503915,278458.1072665
Itati,Mburucuya,4472.0653505,125797.0050456,3592.2605237,133861.3309197
Itati,Mercedes,4472.0653505,125797.0050456,3592.2605237,133861.3309197
Itati,Monte Caseros,4472.0653505,495505.1602639,6807.9618565,506785.1874710
Itati,Paso de los Libres,4472.0653505,528479.5401520,6472.8507322,539424.4562347
Itati,Saladas,4472.0653505,150138.3059515,9751.5790731,164361.9503750
Itati,San Cosme,4472.0653505,25861.0209505,6100.8763047,36433.9626057
Itati,San Luis del Palmar,4472.0653505,49058.3263900,8312.4536459,61842.8453864
Itati,San Martin,4472.0653505,597471.6379774,10757.3035760,612701.0069040
Itati,San Miguel,4472.0653505,176282.8276045,10516.2065832,191271.0995382
Itati,San Roque,4472.0653505,236963.1842862,1050.3210138,242485.5706504
Itati,Santo Tome,4472.0653505,851809.3704142,5968.9673074,862250.4030722
Itati,Sauce,4472.0653505,435973.1890961,3541.5156726,443986.7701192
Ituzaingo,Capital,24557.9510498,773635.6758111,3607.4880025,801801.1148634
Ituzaingo,Bella Vista,24557.9510498,601335.0948019,15030.3476304,640923.3934821
Ituzaingo,Departartamento Beron de Astrada,24557.9510498,815289.0556644,6694.4310392,846541.4377535
Ituzaingo,Departamento concepcion,24557.9510498,740334.1731332,2051.5111523,766943.6353353
Ituzaingo,Curuzu Cuatia,24557.9510498,361564.4999135,3643.2733238,389765.7242872
Ituzaingo,Empedrado,24557.9510498,738946.4461566,5189.5280649,768693.9252713
Ituzaingo,Esquina,24557.9510498,524825.8286118,4349.8987111,553733.6783727
Ituzaingo,General Alvear,24557.9510498,182337.5285373,7655.6721382,214551.1517254
Ituzaingo,General Paz,24557.9510498,767919.3762192,6015.2852591,798492.6125281
Ituzaingo,Goya,24557.9510498,662385.5474829,1494.5167008,688438.0152335
Ituzaingo,Itati,24557.9510498,798155.3922587,4472.0653505,827185.4086590
Ituzaingo,Ituzaingo,24557.9510498,0.0000000,4472.0653505,827185.4086590
Ituzaingo,Lavalle,24557.9510498,647272.0849314,1678.7503915,673508.7863728
Ituzaingo,Mburucuya,24557.9510498,688212.5304864,3592.2605237,716362.7420599
Ituzaingo,Mercedes,24557.9510498,688212.5304864,3592.2605237,716362.7420599
Ituzaingo,Monte Caseros,24557.9510498,348731.7187409,6807.9618565,380097.6316473
Ituzaingo,Paso de los Libres,24557.9510498,269675.8521067,6472.8507322,300706.6538888
Ituzaingo,Saladas,24557.9510498,648017.0863072,9751.5790731,682326.6164301
Ituzaingo,San Cosme,24557.9510498,772294.3713082,6100.8763047,802953.1986627
Ituzaingo,San Luis del Palmar,24557.9510498,749097.0658687,8312.4536459,781967.4705644
Ituzaingo,San Martin,24557.9510498,200683.7542812,10757.3035760,235999.0089071
Ituzaingo,San Miguel,24557.9510498,793052.9047651,10516.2065832,828127.0623981
Ituzaingo,San Roque,24557.9510498,561192.2079725,1050.3210138,586800.4800361
Ituzaingo,Santo Tome,24557.9510498,156941.8717509,5968.9673074,187468.7901082
Ituzaingo,Sauce,24557.9510498,441605.4392933,3541.5156726,469704.9060157
Lavalle,Capital,1678.7503915,247787.5750769,3607.4880025,253073.8134709
Lavalle,Bella Vista,1678.7503915,45936.9901296,15030.3476304,62646.0881515
Lavalle,Departartamento Beron de Astrada,1678.7503915,289440.9549302,6694.4310392,297814.1363609
Lavalle,Departamento concepcion,1678.7503915,214486.0723990,2051.5111523,218216.3339428
Lavalle,Curuzu Cuatia,1678.7503915,285707.5850179,3643.2733238,291029.6087333
Lavalle,Empedrado,1678.7503915,213098.3454224,5189.5280649,219966.6238788
Lavalle,Esquina,1678.7503915,368310.2710874,4349.8987111,374338.9201900
Lavalle,General Alvear,1678.7503915,516804.1334383,7655.6721382,526138.5559681
Lavalle,General Paz,1678.7503915,242071.2754850,6015.2852591,249765.3111356
Lavalle,Goya,1678.7503915,15113.4625515,1494.5167008,18286.7296438
Lavalle,Itati,1678.7503915,272307.2915245,4472.0653505,278458.1072665
Lavalle,Ituzaingo,1678.7503915,647272.0849314,24557.9510498,673508.7863728
Lavalle,Lavalle,1678.7503915,0.0000000,24557.9510498,673508.7863728
Lavalle,Mburucuya,1678.7503915,162364.4297522,3592.2605237,167635.4406674
Lavalle,Mercedes,1678.7503915,162364.4297522,3592.2605237,167635.4406674
Lavalle,Monte Caseros,1678.7503915,344621.8529367,6807.9618565,353108.5651847
Lavalle,Paso de los Libres,1678.7503915,377596.2328247,6472.8507322,385747.8339485
Lavalle,Saladas,1678.7503915,122168.9855730,9751.5790731,133599.3150376
Lavalle,San Cosme,1678.7503915,246446.2705740,6100.8763047,254225.8972702
Lavalle,San Luis del Palmar,1678.7503915,223248.9651345,8312.4536459,233240.1691719
Lavalle,San Martin,1678.7503915,446588.3306502,10757.3035760,459024.3846177
Lavalle,San Miguel,1678.7503915,267204.8040309,10516.2065832,279399.7610056
Lavalle,San Roque,1678.7503915,86079.8769589,1050.3210138,88808.9483642
Lavalle,Santo Tome,1678.7503915,700926.0630870,5968.9673074,708573.7807859
Lavalle,Sauce,1678.7503915,285089.8817688,3541.5156726,290310.1478330
Mburucuya,Capital,3592.2605237,101277.2885980,3607.4880025,108477.0371241
Mburucuya,Bella Vista,3592.2605237,116427.4396226,15030.3476304,135050.0477767
Mburucuya,Departartamento Beron de Astrada,3592.2605237,127076.5251780,6694.4310392,137363.2167409
Mburucuya,Departamento concepcion,3592.2605237,52121.6426468,2051.5111523,57765.4143227
Mburucuya,Curuzu Cuatia,3592.2605237,326648.0305729,3643.2733238,333883.5644204
Mburucuya,Empedrado,3592.2605237,66588.0589434,5189.5280649,75369.8475320
Mburucuya,Esquina,3592.2605237,409250.7166424,4349.8987111,417192.8758771
Mburucuya,General Alvear,3592.2605237,557744.5789933,7655.6721382,568992.5116552
Mburucuya,General Paz,3592.2605237,79706.8457328,6015.2852591,89314.3915155
Mburucuya,Goya,3592.2605237,177477.8923037,1494.5167008,182564.6695281
Mburucuya,Itati,3592.2605237,125797.0050456,4472.0653505,133861.3309197
Mburucuya,Ituzaingo,3592.2605237,688212.5304864,24557.9510498,716362.7420599
Mburucuya,Lavalle,3592.2605237,162364.4297522,1678.7503915,167635.4406674
Mburucuya,Mburucuya,3592.2605237,0.0000000,1678.7503915,167635.4406674
Mburucuya,Mercedes,3592.2605237,0.0000000,1678.7503915,167635.4406674
Mburucuya,Monte Caseros,3592.2605237,385562.2984917,6807.9618565,395962.5208718
Mburucuya,Paso de los Libres,3592.2605237,418536.6783797,6472.8507322,428601.7896356
Mburucuya,Saladas,3592.2605237,40195.4441792,9751.5790731,53539.2837759
Mburucuya,San Cosme,3592.2605237,99935.9840951,6100.8763047,109629.1209234
Mburucuya,San Luis del Palmar,3592.2605237,76738.6786555,8312.4536459,88643.3928251
Mburucuya,San Martin,3592.2605237,487528.7762052,10757.3035760,501878.3403048
Mburucuya,San Miguel,3592.2605237,104840.3742787,10516.2065832,118948.8413855
Mburucuya,San Roque,3592.2605237,127020.3225139,1050.3210138,131662.9040513
Mburucuya,Santo Tome,3592.2605237,741866.5086420,5968.9673074,751427.7364730
Mburucuya,Sauce,3592.2605237,326030.3273238,3541.5156726,333164.1035201
Mercedes,Capital,3592.2605237,326030.3273238,3541.5156726,333164.1035201
Mercedes,Bella Vista,3592.2605237,326030.3273238,3541.5156726,333164.1035201
Mercedes,Departartamento Beron de Astrada,3592.2605237,326030.3273238,3541.5156726,333164.1035201
Mercedes,Departamento concepcion,3592.2605237,326030.3273238,3541.5156726,333164.1035201
Mercedes,Curuzu Cuatia,3592.2605237,326030.3273238,3541.5156726,333164.1035201
Mercedes,Empedrado,3592.2605237,326030.3273238,3541.5156726,333164.1035201
Mercedes,Esquina,3592.2605237,326030.3273238,3541.5156726,333164.1035201
Mercedes,General Alvear,3592.2605237,326030.3273238,3541.5156726,333164.1035201
Mercedes,General Paz,3592.2605237,326030.3273238,3541.5156726,333164.1035201
Mercedes,Goya,3592.2605237,326030.3273238,3541.5156726,333164.1035201
Mercedes,Itati,3592.2605237,326030.3273238,3541.5156726,333164.1035201
Mercedes,Ituzaingo,3592.2605237,326030.3273238,3541.5156726,333164.1035201
Mercedes,Lavalle,3592.2605237,326030.3273238,3541.5156726,333164.1035201
Mercedes,Mburucuya,3592.2605237,326030.3273238,3541.5156726,333164.1035201
Mercedes,Mercedes,3592.2605237,0.0000000,3541.5156726,333164.1035201
Mercedes,Monte Caseros,3592.2605237,0.0000000,3541.5156726,333164.1035201
Mercedes,Paso de los Libres,3592.2605237,0.0000000,3541.5156726,333164.1035201
Mercedes,Saladas,3592.2605237,0.0000000,3541.5156726,333164.1035201
Mercedes,San Cosme,3592.2605237,0.0000000,3541.5156726,333164.1035201
Mercedes,San Luis del Palmar,3592.2605237,0.0000000,3541.5156726,333164.1035201
Mercedes,San Martin,3592.2605237,0.0000000,3541.5156726,333164.1035201
Mercedes,San Miguel,3592.2605237,0.0000000,3541.5156726,333164.1035201
Mercedes,San Roque,3592.2605237,0.0000000,3541.5156726,333164.1035201
Mercedes,Santo Tome,3592.2605237,0.0000000,3541.5156726,333164.1035201
Mercedes,Sauce,3592.2605237,0.0000000,3541.5156726,333164.1035201
Monte Caseros,Capital,6807.9618565,470985.4438163,3607.4880025,481400.8936753
Monte Caseros,Bella Vista,6807.9618565,298684.8628071,15030.3476304,320523.1722941
Monte Caseros,Departartamento Beron de Astrada,6807.9618565,512638.8236697,6694.4310392,526141.2165654
Monte Caseros,Departamento concepcion,6807.9618565,437683.9411385,2051.5111523,446543.4141473
Monte Caseros,Curuzu Cuatia,6807.9618565,58914.2679188,3643.2733238,69365.5030991
Monte Caseros,Empedrado,6807.9618565,436296.2141618,5189.5280649,448293.7040832
Monte Caseros,Esquina,6807.9618565,222175.5966170,4349.8987111,233333.4571847
Monte Caseros,General Alvear,6807.9618565,218263.7672478,7655.6721382,232727.4012426
Monte Caseros,General Paz,6807.9618565,465269.1442244,6015.2852591,478092.3913400
Monte Caseros,Goya,6807.9618565,359735.3154882,1494.5167008,368037.7940455
Monte Caseros,Itati,6807.9618565,495505.1602639,4472.0653505,506785.1874710
Monte Caseros,Ituzaingo,6807.9618565,348731.7187409,24557.9510498,380097.6316473
Monte Caseros,Lavalle,6807.9618565,344621.8529367,1678.7503915,353108.5651847
Monte Caseros,Mburucuya,6807.9618565,385562.2984917,3592.2605237,395962.5208718
Monte Caseros,Mercedes,6807.9618565,385562.2984917,3592.2605237,395962.5208718
Monte Caseros,Monte Caseros,6807.9618565,0.0000000,3592.2605237,395962.5208718
Monte Caseros,Paso de los Libres,6807.9618565,79055.8666342,6472.8507322,92336.6792230
Monte Caseros,Saladas,6807.9618565,345366.8543125,9751.5790731,361926.3952421
Monte Caseros,San Cosme,6807.9618565,469644.1393134,6100.8763047,482552.9774747
Monte Caseros,San Luis del Palmar,6807.9618565,446446.8338739,8312.4536459,461567.2493763
Monte Caseros,San Martin,6807.9618565,148047.9644597,10757.3035760,165613.2298922
Monte Caseros,San Miguel,6807.9618565,490402.6727703,10516.2065832,507726.8412100
Monte Caseros,San Roque,6807.9618565,258541.9759778,1050.3210138,266400.2588480
Monte Caseros,Santo Tome,6807.9618565,402385.6968965,5968.9673074,415162.6260604
Monte Caseros,Sauce,6807.9618565,138955.2072985,3541.5156726,149304.6848276
Paso de los Libres,Capital,6472.8507322,503959.8237044,3607.4880025,514040.1624391
Paso de los Libres,Bella Vista,6472.8507322,331659.2426952,15030.3476304,353162.4410578
Paso de los Libres,Departartamento Beron de Astrada,6472.8507322,545613.2035577,6694.4310392,558780.4853291
Paso de los Libres,Departamento concepcion,6472.8507322,470658.3210265,2051.5111523,479182.6829110
Paso de los Libres,Curuzu Cuatia,6472.8507322,91888.6478068,3643.2733238,102004.7718629
Paso de los Libres,Empedrado,6472.8507322,469270.5940499,5189.5280649,480932.9728469
Paso de los Libres,Esquina,6472.8507322,255149.9765051,4349.8987111,265972.7259484
Paso de los Libres,General Alvear,6472.8507322,139207.9006136,7655.6721382,153336.4234840
Paso de los Libres,General Paz,6472.8507322,498243.5241125,6015.2852591,510731.6601038
Paso de los Libres,Goya,6472.8507322,392709.6953762,1494.5167008,400677.0628092
Paso de los Libres,Itati,6472.8507322,528479.5401520,4472.0653505,539424.4562347
Paso de los Libres,Ituzaingo,6472.8507322,269675.8521067,24557.9510498,300706.6538888
Paso de los Libres,Lavalle,6472.8507322,377596.2328247,1678.7503915,385747.8339485
Paso de los Libres,Mburucuya,6472.8507322,418536.6783797,3592.2605237,428601.7896356
Paso de los Libres,Mercedes,6472.8507322,418536.6783797,3592.2605237,428601.7896356
Paso de los Libres,Monte Caseros,6472.8507322,79055.8666342,6807.9618565,92336.6792230
Paso de los Libres,Paso de los Libres,6472.8507322,0.0000000,6807.9618565,92336.6792230
Paso de los Libres,Saladas,6472.8507322,378341.2342005,9751.5790731,394565.6640058
Paso de los Libres,San Cosme,6472.8507322,502618.5192015,6100.8763047,515192.2462384
Paso de los Libres,San Luis del Palmar,6472.8507322,479421.2137620,8312.4536459,494206.5181401
Paso de los Libres,San Martin,6472.8507322,68992.0978255,10757.3035760,86222.2521337
Paso de los Libres,San Miguel,6472.8507322,523377.0526584,10516.2065832,540366.1099738
Paso de los Libres,San Roque,6472.8507322,291516.3558658,1050.3210138,299039.5276118
Paso de los Libres,Santo Tome,6472.8507322,323329.8302622,5968.9673074,335771.6483019
Paso de los Libres,Sauce,6472.8507322,171929.5871866,3541.5156726,181943.9535914
Saladas,Capital,9751.5790731,125618.5895039,3607.4880025,138977.6565794
Saladas,Bella Vista,9751.5790731,76231.9954435,15030.3476304,101013.9221469
Saladas,Departartamento Beron de Astrada,9751.5790731,167271.9693572,6694.4310392,183717.9794695
Saladas,Departamento concepcion,9751.5790731,92317.0868260,2051.5111523,104120.1770514
Saladas,Curuzu Cuatia,9751.5790731,286452.5863937,3643.2733238,299847.4387906
Saladas,Empedrado,9751.5790731,90929.3598493,5189.5280649,105870.4669873
Saladas,Esquina,9751.5790731,369055.2724632,4349.8987111,383156.7502473
Saladas,General Alvear,9751.5790731,517549.1348141,7655.6721382,534956.3860254
Saladas,General Paz,9751.5790731,119902.2899120,6015.2852591,135669.1542441
Saladas,Goya,9751.5790731,137282.4481245,1494.5167008,148528.5438984
Saladas,Itati,9751.5790731,150138.3059515,4472.0653505,164361.9503750
Saladas,Ituzaingo,9751.5790731,648017.0863072,24557.9510498,682326.6164301
Saladas,Lavalle,9751.5790731,122168.9855730,1678.7503915,133599.3150376
Saladas,Mburucuya,9751.5790731,40195.4441792,3592.2605237,53539.2837759
Saladas,Mercedes,9751.5790731,40195.4441792,3592.2605237,53539.2837759
Saladas,Monte Caseros,9751.5790731,345366.8543125,6807.9618565,361926.3952421
Saladas,Paso de los Libres,9751.5790731,378341.2342005,6472.8507322,394565.6640058
Saladas,Saladas,9751.5790731,0.0000000,6472.8507322,394565.6640058
Saladas,San Cosme,9751.5790731,124277.2850010,6100.8763047,140129.7403788
Saladas,San Luis del Palmar,9751.5790731,101079.9795614,8312.4536459,119144.0122804
Saladas,San Martin,9751.5790731,447333.3320260,10757.3035760,467842.2146751
Saladas,San Miguel,9751.5790731,145035.8184579,10516.2065832,165303.6041141
Saladas,San Roque,9751.5790731,86824.8783347,1050.3210138,97626.7784216
Saladas,Santo Tome,9751.5790731,701671.0644628,5968.9673074,717391.6108433
Saladas,Sauce,9751.5790731,285834.8831446,3541.5156726,299127.9778903
San Cosme,Capital,6100.8763047,47735.9153819,3607.4880025,57444.2796891
San Cosme,Bella Vista,6100.8763047,200509.2804444,15030.3476304,221640.5043795
San Cosme,Departartamento Beron de Astrada,6100.8763047,172657.9575533,6694.4310392,185453.2648972
San Cosme,Departamento concepcion,6100.8763047,152057.6267419,2051.5111523,160210.0141989
San Cosme,Curuzu Cuatia,6100.8763047,410729.8713947,3643.2733238,420474.0210232
San Cosme,Empedrado,6100.8763047,75970.0920287,5189.5280649,87260.4963982
San Cosme,Esquina,6100.8763047,493332.5574641,4349.8987111,503783.3324799
San Cosme,General Alvear,6100.8763047,641826.4198151,7655.6721382,655582.9682580
San Cosme,General Paz,6100.8763047,125288.2781081,6015.2852591,137404.4396719
San Cosme,Goya,6100.8763047,261559.7331255,1494.5167008,269155.1261310
San Cosme,Itati,6100.8763047,25861.0209505,4472.0653505,36433.9626057
San Cosme,Ituzaingo,6100.8763047,772294.3713082,24557.9510498,802953.1986627
San Cosme,Lavalle,6100.8763047,246446.2705740,1678.7503915,254225.8972702
San Cosme,Mburucuya,6100.8763047,99935.9840951,3592.2605237,109629.1209234
San Cosme,Mercedes,6100.8763047,99935.9840951,3592.2605237,109629.1209234
San Cosme,Monte Caseros,6100.8763047,469644.1393134,6807.9618565,482552.9774747
San Cosme,Paso de los Libres,6100.8763047,502618.5192015,6472.8507322,515192.2462384
San Cosme,Saladas,6100.8763047,124277.2850010,9751.5790731,140129.7403788
San Cosme,San Cosme,6100.8763047,0.0000000,9751.5790731,140129.7403788
San Cosme,San Luis del Palmar,6100.8763047,23197.3054395,8312.4536459,37610.6353901
San Cosme,San Martin,6100.8763047,571610.6170270,10757.3035760,588468.7969077
San Cosme,San Miguel,6100.8763047,150421.8066540,10516.2065832,167038.8895419
San Cosme,San Roque,6100.8763047,211102.1633357,1050.3210138,218253.3606541
San Cosme,Santo Tome,6100.8763047,825948.3494637,5968.9673074,838018.1930759
San Cosme,Sauce,6100.8763047,410112.1681456,3541.5156726,419754.5601229
San Luis del Palmar,Capital,8312.4536459,24538.6099424,3607.4880025,36458.5515908
San Luis del Palmar,Bella Vista,8312.4536459,177311.9750049,15030.3476304,200654.7762812
San Luis del Palmar,Departartamento Beron de Astrada,8312.4536459,149460.6521138,6694.4310392,164467.5367989
San Luis del Palmar,Departamento concepcion,8312.4536459,128860.3213024,2051.5111523,139224.2861005
San Luis del Palmar,Curuzu Cuatia,8312.4536459,387532.5659552,3643.2733238,399488.2929249
San Luis del Palmar,Empedrado,8312.4536459,52772.7865892,5189.5280649,66274.7682999
San Luis del Palmar,Esquina,8312.4536459,470135.2520246,4349.8987111,482797.6043816
San Luis del Palmar,General Alvear,8312.4536459,618629.1143756,7655.6721382,634597.2401597
San Luis del Palmar,General Paz,8312.4536459,102090.9726686,6015.2852591,116418.7115735
San Luis del Palmar,Goya,8312.4536459,238362.4276859,1494.5167008,248169.3980326
San Luis del Palmar,Itati,8312.4536459,49058.3263900,4472.0653505,61842.8453864
San Luis del Palmar,Ituzaingo,8312.4536459,749097.0658687,24557.9510498,781967.4705644
San Luis del Palmar,Lavalle,8312.4536459,223248.9651345,1678.7503915,233240.1691719
San Luis del Palmar,Mburucuya,8312.4536459,76738.6786555,3592.2605237,88643.3928251
San Luis del Palmar,Mercedes,8312.4536459,76738.6786555,3592.2605237,88643.3928251
San Luis del Palmar,Monte Caseros,8312.4536459,446446.8338739,6807.9618565,461567.2493763
San Luis del Palmar,Paso de los Libres,8312.4536459,479421.2137620,6472.8507322,494206.5181401
San Luis del Palmar,Saladas,8312.4536459,101079.9795614,9751.5790731,119144.0122804
San Luis del Palmar,San Cosme,8312.4536459,23197.3054395,6100.8763047,37610.6353901
San Luis del Palmar,San Luis del Palmar,8312.4536459,0.0000000,6100.8763047,37610.6353901
San Luis del Palmar,San Martin,8312.4536459,548413.3115874,10757.3035760,567483.0688093
San Luis del Palmar,San Miguel,8312.4536459,127224.5012145,10516.2065832,146053.1614435
San Luis del Palmar,San Roque,8312.4536459,187904.8578962,1050.3210138,197267.6325558
San Luis del Palmar,Santo Tome,8312.4536459,802751.0440242,5968.9673074,817032.4649775
San Luis del Palmar,Sauce,8312.4536459,386914.8627061,3541.5156726,398768.8320246
San Martin,Capital,10757.3035760,572951.9215298,3607.4880025,587316.7131083
San Martin,Bella Vista,10757.3035760,400651.3405206,15030.3476304,426438.9917271
San Martin,Departartamento Beron de Astrada,10757.3035760,614605.3013832,6694.4310392,632057.0359984
San Martin,Departamento concepcion,10757.3035760,539650.4188520,2051.5111523,552459.2335803
San Martin,Curuzu Cuatia,10757.3035760,160880.7456323,3643.2733238,175281.3225321
San Martin,Empedrado,10757.3035760,538262.6918753,5189.5280649,554209.5235162
San Martin,Esquina,10757.3035760,324142.0743306,4349.8987111,339249.2766177
San Martin,General Alvear,10757.3035760,70215.8027881,7655.6721382,88628.7785024
San Martin,General Paz,10757.3035760,567235.6219380,6015.2852591,584008.2107730
San Martin,Goya,10757.3035760,461701.7932017,1494.5167008,473953.6134785
San Martin,Itati,10757.3035760,597471.6379774,4472.0653505,612701.0069040
San Martin,Ituzaingo,10757.3035760,200683.7542812,24557.9510498,235999.0089071
San Martin,Lavalle,10757.3035760,446588.3306502,1678.7503915,459024.3846177
San Martin,Mburucuya,10757.3035760,487528.7762052,3592.2605237,501878.3403048
San Martin,Mercedes,10757.3035760,487528.7762052,3592.2605237,501878.3403048
San Martin,Monte Caseros,10757.3035760,148047.9644597,6807.9618565,165613.2298922
San Martin,Paso de los Libres,10757.3035760,68992.0978255,6472.8507322,86222.2521337
San Martin,Saladas,10757.3035760,447333.3320260,9751.5790731,467842.2146751
San Martin,San Cosme,10757.3035760,571610.6170270,6100.8763047,588468.7969077
San Martin,San Luis del Palmar,10757.3035760,548413.3115874,8312.4536459,567483.0688093
San Martin,San Martin,10757.3035760,0.0000000,8312.4536459,567483.0688093
San Martin,San Miguel,10757.3035760,592369.1504838,10516.2065832,613642.6606430
San Martin,San Roque,10757.3035760,360508.4536913,1050.3210138,372316.0782810
San Martin,Santo Tome,10757.3035760,254337.7324368,5968.9673074,271064.0033202
San Martin,Sauce,10757.3035760,240921.6850120,3541.5156726,255220.5042606
San Miguel,Capital,10516.2065832,151763.1111569,3607.4880025,165886.8057425
San Miguel,Bella Vista,10516.2065832,221267.8139013,15030.3476304,246814.3681149
San Miguel,Departartamento Beron de Astrada,10516.2065832,72503.2079911,6694.4310392,89713.8456135
San Miguel,Departamento concepcion,10516.2065832,134627.6079064,2051.5111523,147195.3256418
San Miguel,Curuzu Cuatia,10516.2065832,431488.4048516,3643.2733238,445647.8847586
San Miguel,Empedrado,10516.2065832,144385.9520481,5189.5280649,160091.6866961
San Miguel,Esquina,10516.2065832,514091.0909210,4349.8987111,528957.1962153
San Miguel,General Alvear,10516.2065832,662584.9532720,7655.6721382,680756.8319934
San Miguel,General Paz,10516.2065832,25133.5285459,6015.2852591,41665.0203881
San Miguel,Goya,10516.2065832,282318.2665824,1494.5167008,294328.9898663
San Miguel,Itati,10516.2065832,176282.8276045,4472.0653505,191271.0995382
San Miguel,Ituzaingo,10516.2065832,793052.9047651,24557.9510498,828127.0623981
San Miguel,Lavalle,10516.2065832,267204.8040309,1678.7503915,279399.7610056
San Miguel,Mburucuya,10516.2065832,104840.3742787,3592.2605237,118948.8413855
San Miguel,Mercedes,10516.2065832,104840.3742787,3592.2605237,118948.8413855
San Miguel,Monte Caseros,10516.2065832,490402.6727703,6807.9618565,507726.8412100
San Miguel,Paso de los Libres,10516.2065832,523377.0526584,6472.8507322,540366.1099738
San Miguel,Saladas,10516.2065832,145035.8184579,9751.5790731,165303.6041141
San Miguel,San Cosme,10516.2065832,150421.8066540,6100.8763047,167038.8895419
San Miguel,San Luis del Palmar,10516.2065832,127224.5012145,8312.4536459,146053.1614435
San Miguel,San Martin,10516.2065832,592369.1504838,10757.3035760,613642.6606430
San Miguel,San Miguel,10516.2065832,0.0000000,10757.3035760,613642.6606430
San Miguel,San Roque,10516.2065832,231860.6967926,1050.3210138,243427.2243895
San Miguel,Santo Tome,10516.2065832,846706.8829206,5968.9673074,863192.0568112
San Miguel,Sauce,10516.2065832,430870.7016025,3541.5156726,444928.4238583
San Roque,Capital,1050.3210138,212443.4678386,3607.4880025,217101.2768548
San Roque,Bella Vista,1050.3210138,40142.8868294,15030.3476304,56223.5554735
San Roque,Departartamento Beron de Astrada,1050.3210138,254096.8476919,6694.4310392,261841.5997449
San Roque,Departamento concepcion,1050.3210138,179141.9651607,2051.5111523,182243.7973267
San Roque,Curuzu Cuatia,1050.3210138,199627.7080590,3643.2733238,204321.3023966
San Roque,Empedrado,1050.3210138,177754.2381841,5189.5280649,183994.0872627
San Roque,Esquina,1050.3210138,282230.3941285,4349.8987111,287630.6138533
San Roque,General Alvear,1050.3210138,430724.2564794,7655.6721382,439430.2496314
San Roque,General Paz,1050.3210138,206727.1682467,6015.2852591,213792.7745195
San Roque,Goya,1050.3210138,101193.3395104,1494.5167008,103738.1772250
San Roque,Itati,1050.3210138,236963.1842862,4472.0653505,242485.5706504
San Roque,Ituzaingo,1050.3210138,561192.2079725,24557.9510498,586800.4800361
San Roque,Lavalle,1050.3210138,86079.8769589,1678.7503915,88808.9483642
San Roque,Mburucuya,1050.3210138,127020.3225139,3592.2605237,131662.9040513
San Roque,Mercedes,1050.3210138,127020.3225139,3592.2605237,131662.9040513
San Roque,Monte Caseros,1050.3210138,258541.9759778,6807.9618565,266400.2588480
San Roque,Paso de los Libres,1050.3210138,291516.3558658,6472.8507322,299039.5276118
San Roque,Saladas,1050.3210138,86824.8783347,9751.5790731,97626.7784216
San Roque,San Cosme,1050.3210138,211102.1633357,6100.8763047,218253.3606541
San Roque,San Luis del Palmar,1050.3210138,187904.8578962,8312.4536459,197267.6325558
San Roque,San Martin,1050.3210138,360508.4536913,10757.3035760,372316.0782810
San Roque,San Miguel,1050.3210138,231860.6967926,10516.2065832,243427.2243895
San Roque,San Roque,1050.3210138,0.0000000,10516.2065832,243427.2243895
San Roque,Santo Tome,1050.3210138,614846.1861281,5968.9673074,621865.4744492
San Roque,Sauce,1050.3210138,199010.0048099,3541.5156726,203601.8414963
Santo Tome,Capital,5968.9673074,827289.6539666,3607.4880025,836866.1092765
Santo Tome,Bella Vista,5968.9673074,654989.0729574,15030.3476304,675988.3878953
Santo Tome,Departartamento Beron de Astrada,5968.9673074,868943.0338200,6694.4310392,881606.4321666
Santo Tome,Departamento concepcion,5968.9673074,793988.1512888,2051.5111523,802008.6297485
Santo Tome,Curuzu Cuatia,5968.9673074,415218.4780691,3643.2733238,424830.7187003
Santo Tome,Empedrado,5968.9673074,792600.4243121,5189.5280649,803758.9196844
Santo Tome,Esquina,5968.9673074,578479.8067674,4349.8987111,588798.6727859
Santo Tome,General Alvear,5968.9673074,235991.5066928,7655.6721382,249616.1461385
Santo Tome,General Paz,5968.9673074,821573.3543747,6015.2852591,833557.6069412
Santo Tome,Goya,5968.9673074,716039.5256385,1494.5167008,723503.0096467
Santo Tome,Itati,5968.9673074,851809.3704142,4472.0653505,862250.4030722
Santo Tome,Ituzaingo,5968.9673074,156941.8717509,24557.9510498,187468.7901082
Santo Tome,Lavalle,5968.9673074,700926.0630870,1678.7503915,708573.7807859
Santo Tome,Mburucuya,5968.9673074,741866.5086420,3592.2605237,751427.7364730
Santo Tome,Mercedes,5968.9673074,741866.5086420,3592.2605237,751427.7364730
Santo Tome,Monte Caseros,5968.9673074,402385.6968965,6807.9618565,415162.6260604
Santo Tome,Paso de los Libres,5968.9673074,323329.8302622,6472.8507322,335771.6483019
Santo Tome,Saladas,5968.9673074,701671.0644628,9751.5790731,717391.6108433
Santo Tome,San Cosme,5968.9673074,825948.3494637,6100.8763047,838018.1930759
Santo Tome,San Luis del Palmar,5968.9673074,802751.0440242,8312.4536459,817032.4649775
Santo Tome,San Martin,5968.9673074,254337.7324368,10757.3035760,271064.0033202
Santo Tome,San Miguel,5968.9673074,846706.8829206,10516.2065832,863192.0568112
Santo Tome,San Roque,5968.9673074,614846.1861281,1050.3210138,621865.4744492
Santo Tome,Santo Tome,5968.9673074,0.0000000,1050.3210138,621865.4744492
Santo Tome,Sauce,5968.9673074,495259.4174488,3541.5156726,504769.9004288
Sauce,Capital,3541.5156726,411453.4726485,3607.4880025,418602.4763235
Sauce,Bella Vista,3541.5156726,239152.8916393,15030.3476304,257724.7549423
Sauce,Departartamento Beron de Astrada,3541.5156726,453106.8525018,6694.4310392,463342.7992136
Sauce,Departamento concepcion,3541.5156726,378151.9699706,2051.5111523,383744.9967955
Sauce,Curuzu Cuatia,3541.5156726,80040.9393798,3643.2733238,87225.7283762
Sauce,Empedrado,3541.5156726,376764.2429940,5189.5280649,385495.2867314
Sauce,Esquina,3541.5156726,83220.3893185,4349.8987111,91111.8037022
Sauce,General Alvear,3541.5156726,311137.4878002,7655.6721382,322334.6756110
Sauce,General Paz,3541.5156726,405737.1730566,6015.2852591,415293.9739883
Sauce,Goya,3541.5156726,300203.3443203,1494.5167008,305239.3766937
Sauce,Itati,3541.5156726,435973.1890961,4472.0653505,443986.7701192
Sauce,Ituzaingo,3541.5156726,441605.4392933,24557.9510498,469704.9060157
Sauce,Lavalle,3541.5156726,285089.8817688,1678.7503915,290310.1478330
Sauce,Mburucuya,3541.5156726,326030.3273238,3592.2605237,333164.1035201
Sauce,Mercedes,3541.5156726,326030.3273238,3592.2605237,333164.1035201
Sauce,Monte Caseros,3541.5156726,138955.2072985,6807.9618565,149304.6848276
Sauce,Paso de los Libres,3541.5156726,171929.5871866,6472.8507322,181943.9535914
Sauce,Saladas,3541.5156726,285834.8831446,9751.5790731,299127.9778903
Sauce,San Cosme,3541.5156726,410112.1681456,6100.8763047,419754.5601229
Sauce,San Luis del Palmar,3541.5156726,386914.8627061,8312.4536459,398768.8320246
Sauce,San Martin,3541.5156726,240921.6850120,10757.3035760,255220.5042606
Sauce,San Miguel,3541.5156726,430870.7016025,10516.2065832,444928.4238583
Sauce,San Roque,3541.5156726,199010.0048099,1050.3210138,203601.8414963
Sauce,Santo Tome,3541.5156726,495259.4174488,5968.9673074,504769.9004288
Sauce,Sauce,3541.5156726,0.0000000,5968.9673074,504769.9004288
